film_id,parser_character_id,review_character_id,parser_canonical_name,canonical_name,raw_speaker_labels,raw_speaker_label_variant_count,gender,gender_rationale,is_named,is_protagonist,included_in_network,merge_into_character_id,utterance_count,spoken_utterance_count,song_utterance_count,word_count_total,word_count_spoken_only,word_count_song_only,first_scene_id,first_event_id,review_notes
elemental_2023,elemental_2023_ember,elemental_2023_ember,Ember,Ember,EMBER | EMBER (O.S.) | EMBER (V.O.),3,F,,1,1,1,,316,314,2,6030,5955,75,elemental_2023_s017,86,
elemental_2023,elemental_2023_wade,elemental_2023_wade,Wade,Wade,WADE | WADE (CONT’D) | WADE (O.S.) | WADE (V.O.),4,M,,1,0,1,,253,253,0,4566,4566,0,elemental_2023_s028,190,
elemental_2023,elemental_2023_bernie,elemental_2023_bernie,Bernie,Bernie,BERNIE | BERNIE (CONT’D) | BERNIE (O.S.) | BERNIE (V.O.),4,M,,1,0,1,,128,128,0,2155,2155,0,elemental_2023_s003,7,
elemental_2023,elemental_2023_cinder,elemental_2023_cinder,Cinder,Cinder,CINDER | CINDER (CONT'D) | CINDER (O.S.) | CINDER (V.O) | CINDER (V.O.),5,F,,1,0,1,,57,57,0,979,979,0,elemental_2023_s003,8,
elemental_2023,elemental_2023_brook,elemental_2023_brook,Brook,Brook,BROOK | BROOK (CONT’D),2,F,,1,0,1,,19,17,2,491,442,49,elemental_2023_s081,610,
elemental_2023,elemental_2023_gale,elemental_2023_gale,Gale,Gale,GALE,1,F,,1,0,1,,28,28,0,479,479,0,elemental_2023_s045,323,
elemental_2023,elemental_2023_harold,elemental_2023_harold,Harold,Harold,HAROLD,1,M,,1,0,1,,9,9,0,218,218,0,elemental_2023_s082,635,
elemental_2023,elemental_2023_clod,elemental_2023_clod,Clod,Clod,CLOD,1,M,,1,0,1,,14,14,0,197,197,0,elemental_2023_s022,138,
elemental_2023,elemental_2023_earth_kids,elemental_2023_earth_kids,Earth Kids.,Earth Kids.,EARTH KIDS.,1,Both,,0,0,1,,1,1,0,172,172,0,elemental_2023_s034,235,
elemental_2023,elemental_2023_teenage_ember,elemental_2023_teenage_ember,Teenage Ember,Teenage Ember,TEENAGE EMBER,1,F,,1,1,1,elemental_2023_ember,10,10,0,171,171,0,elemental_2023_s016,63,
elemental_2023,elemental_2023_big_kid_ember,elemental_2023_big_kid_ember,Big Kid Ember,Big Kid Ember,BIG KID EMBER,1,F,,1,1,1,elemental_2023_ember,5,4,1,103,88,15,elemental_2023_s013,47,
elemental_2023,elemental_2023_kid_ember,elemental_2023_kid_ember,Kid Ember,Kid Ember,LITTLE KID EMBER,1,F,,1,1,1,elemental_2023_ember,5,5,0,91,91,0,elemental_2023_s010,32,
elemental_2023,elemental_2023_water_passenger,elemental_2023_water_passenger,Water Passenger,Water Passenger,WATER PASSENGER 1 | WATER PASSENGER 2,2,F,,0,0,0,,2,2,0,90,90,0,elemental_2023_s002,3,
elemental_2023,elemental_2023_alan,elemental_2023_alan,Alan,Alan,ALAN,1,M,,1,0,1,,6,6,0,88,88,0,elemental_2023_s082,621,
elemental_2023,elemental_2023_fern,elemental_2023_fern,Fern,Fern,FERN,1,M,,1,0,1,,5,5,0,85,85,0,elemental_2023_s037,253,
elemental_2023,elemental_2023_wood_immigration_official,elemental_2023_wood_immigration_official,Wood Immigration Official,Wood Immigration Official,WOOD IMMIGRATION OFFICIAL | WOOD IMMIGRATION OFFICIAL (O.S.),2,M,,0,0,1,,5,5,0,85,85,0,elemental_2023_s003,5,
elemental_2023,elemental_2023_customer,elemental_2023_customer,Customer,Customer,CUSTOMER | CUSTOMER (O.S.),2,Both,"context depenent, represent the town.",0,0,1,,5,5,0,73,73,0,elemental_2023_s017,85,
elemental_2023,elemental_2023_earth_pruner,elemental_2023_earth_pruner,Earth Pruner,Earth Pruner,EARTH PRUNER 1 | EARTH PRUNER 2,2,M,,0,0,0,,4,4,0,73,73,0,elemental_2023_s049,419,
elemental_2023,elemental_2023_doorman,elemental_2023_doorman,Doorman,Doorman,DOORMAN,1,M,,0,0,0,,3,3,0,70,70,0,elemental_2023_s080,605,
elemental_2023,elemental_2023_crowd,elemental_2023_crowd,Crowd,Crowd,CROWD,1,Both,,0,0,0,,2,2,0,69,69,0,elemental_2023_s045,357,
elemental_2023,elemental_2023_first_customer,elemental_2023_first_customer,First Customer,First Customer,FIRST CUSTOMER | FIRST CUSTOMER (O.S.),2,F,,0,0,0,,2,2,0,66,66,0,elemental_2023_s011,40,
elemental_2023,elemental_2023_sparkler_customer,elemental_2023_sparkler_customer,Sparkler Customer,Sparkler Customer,SPARKLER CUSTOMER,1,M,,0,0,1,,5,5,0,57,57,0,elemental_2023_s016,67,
elemental_2023,elemental_2023_flarrietta,elemental_2023_flarrietta,Flarrietta,Flarrietta,FLARRIETTA,1,F,,1,0,1,,6,6,0,52,52,0,elemental_2023_s017,94,
elemental_2023,elemental_2023_earth_boat_announcer,elemental_2023_earth_boat_announcer,Earth Boat Announcer,Earth Boat Announcer,EARTH BOAT ANNOUNCER (O.S.),1,M,,0,0,0,,1,1,0,50,50,0,elemental_2023_s002,2,
elemental_2023,elemental_2023_fire_kid,elemental_2023_fire_kid,Fire Kid,Fire Kid,FIRE KID 1,1,F,,0,0,0,,2,2,0,48,48,0,elemental_2023_s014,48,
elemental_2023,elemental_2023_delivery_person,elemental_2023_delivery_person,Delivery Person,Delivery Person,DELIVERY PERSON (O.S.),1,F,,0,0,0,,1,1,0,44,44,0,elemental_2023_s066,503,
elemental_2023,elemental_2023_train_announcer,elemental_2023_train_announcer,Train Announcer,Train Announcer,TRAIN ANNOUNCER (O.S.),1,M,,0,0,0,,1,1,0,43,43,0,elemental_2023_s029,221,
elemental_2023,elemental_2023_firish_customer,elemental_2023_firish_customer,Firish Customer,Firish Customer,FIRISH CUSTOMER,1,F,,0,0,0,,2,2,0,41,41,0,elemental_2023_s066,498,
elemental_2023,elemental_2023_customers,elemental_2023_customers,Customers,Customers,CUSTOMERS,1,Both,"context depenent, represent the town.",0,0,0,,1,1,0,40,40,0,elemental_2023_s027,179,
elemental_2023,elemental_2023_dirt_burger_vendor,elemental_2023_dirt_burger_vendor,Dirt Burger Vendor,Dirt Burger Vendor,DIRT BURGER VENDOR,1,M,,0,0,0,,1,1,0,39,39,0,elemental_2023_s035,236,
elemental_2023,elemental_2023_kettle_customer,elemental_2023_kettle_customer,Kettle Customer,Kettle Customer,KETTLE CUSTOMER,1,F,,0,0,0,,1,1,0,35,35,0,elemental_2023_s027,183,
elemental_2023,elemental_2023_ex_boss,elemental_2023_ex_boss,Ex-Boss,Ex-Boss,EX-BOSS,1,F,,0,0,0,,1,1,0,34,34,0,elemental_2023_s068,511,unclear if alias of Gale — removed merge
elemental_2023,elemental_2023_air_element,elemental_2023_air_element,Air Element,Air Element,AIR ELEMENT,1,Both,,0,0,0,,2,2,0,31,31,0,elemental_2023_s004,14,
elemental_2023,elemental_2023_flarry,elemental_2023_flarry,Flarry,Flarry,FLARRY,1,M,,1,0,0,,4,4,0,30,30,0,elemental_2023_s017,110,
elemental_2023,elemental_2023_soap_opera_woman,elemental_2023_soap_opera_woman,Soap Opera Woman,Soap Opera Woman,SOAP OPERA WOMAN,1,F,,0,0,0,,2,2,0,26,26,0,elemental_2023_s016,59,
elemental_2023,elemental_2023_toot_toot_juice_vendor,elemental_2023_toot_toot_juice_vendor,Toot Toot Juice Vendor,Toot Toot Juice Vendor,TOOT TOOT JUICE VENDOR,1,M,,0,0,0,,1,1,0,26,26,0,elemental_2023_s045,327,
elemental_2023,elemental_2023_sticker_customer,elemental_2023_sticker_customer,Sticker Customer,Sticker Customer,STICKER CUSTOMER,1,F,,0,0,0,,1,1,0,21,21,0,elemental_2023_s027,175,
elemental_2023,elemental_2023_earth_landlord,elemental_2023_earth_landlord,Earth Landlord,Earth Landlord,EARTH LANDLORD,1,M,,0,0,0,,1,1,0,18,18,0,elemental_2023_s006,16,
elemental_2023,elemental_2023_hot_log_vendor,elemental_2023_hot_log_vendor,Hot Log Vendor,Hot Log Vendor,HOT LOG VENDOR (O.S.),1,M,,0,0,0,,1,1,0,15,15,0,elemental_2023_s004,13,
elemental_2023,elemental_2023_polo,elemental_2023_polo,Polo,Polo,POLO,1,M,,1,0,0,,1,1,0,15,15,0,elemental_2023_s082,625,
elemental_2023,elemental_2023_marco,elemental_2023_marco,Marco,Marco,MARCO,1,M,,1,0,0,,1,1,0,14,14,0,elemental_2023_s082,626,
elemental_2023,elemental_2023_water_teenager,elemental_2023_water_teenager,Water Teenager,Water Teenager,WATER TEENAGER 1 | WATER TEENAGER 2,2,M,,0,0,0,,2,2,0,10,10,0,elemental_2023_s014,52,
elemental_2023,elemental_2023_guard,elemental_2023_guard,Guard,Guard,GUARD,1,M,,0,0,0,,1,1,0,9,9,0,elemental_2023_s050,437,
elemental_2023,elemental_2023_museum_goers,elemental_2023_museum_goers,Museum Goers,Museum Goers,MUSEUM GOERS,1,Both,,0,0,0,,1,1,0,7,7,0,elemental_2023_s050,438,
elemental_2023,elemental_2023_fire_guy,elemental_2023_fire_guy,Fire Guy,Fire Guy,FIRE GUY,1,M,,0,0,0,,2,2,0,6,6,0,elemental_2023_s019,128,
elemental_2023,elemental_2023_lake,elemental_2023_lake,Lake,Lake,LAKE,1,Both,,1,0,0,,1,1,0,5,5,0,elemental_2023_s082,633,
elemental_2023,elemental_2023_kid_customer,elemental_2023_kid_customer,Kid Customer,Kid Customer,KID CUSTOMER,1,M,,0,0,0,,1,1,0,4,4,0,elemental_2023_s027,181,
elemental_2023,elemental_2023_trinket_customer,elemental_2023_trinket_customer,Trinket Customer,Trinket Customer,TRINKET CUSTOMER,1,M,,0,0,0,,1,1,0,3,3,0,elemental_2023_s027,176,
elemental_2023,elemental_2023_air_worker,elemental_2023_air_worker,Air Worker,Air Worker,AIR WORKER,1,Both,,0,0,0,,1,1,0,2,2,0,elemental_2023_s085,675,
elemental_2023,elemental_2023_earth_element,elemental_2023_earth_element,Earth Element,Earth Element,EARTH ELEMENT,1,Both,,0,0,0,,1,1,0,1,1,0,elemental_2023_s030,223,
elemental_2023,elemental_2023_eddy,elemental_2023_eddy,Eddy,Eddy,EDDY,1,F,,1,0,0,,1,1,0,1,1,0,elemental_2023_s082,623,
elemental_2023,elemental_2023_ghibli,elemental_2023_ghibli,Ghibli,Ghibli,GHIBLI,1,F,,1,0,0,,1,1,0,1,1,0,elemental_2023_s082,631,
